well_id,qi,di,b,training_months,test_months,forecast_months
G21245 PN002,8853.720216999573,0.011774445904865104,0.05000000000000001,30,6,12
G21245 PS001,7534.489932047246,0.013652576223119326,0.45217012448250166,30,6,12
G21245 PS002,11308.26868040266,0.008060638563601903,1.7999999999972234,30,6,12
